timeStamp,elapsed,Latency,label,responseCode,responseMessage,success,allThreads,bytes
1518114341396,14229,0,test_BlazeDemo,,,true,1,2
1518114355633,6528,0,test_BlazeDemo,,,true,1,2
1518114362164,7345,0,test_BlazeDemo,,,true,1,2
1518114369512,7009,0,test_BlazeDemo,,,true,1,2
1518114376524,7045,0,test_BlazeDemo,,,true,1,2
1518114383572,7140,0,test_BlazeDemo,,,true,1,2
1518114390715,7062,0,test_BlazeDemo,,,true,1,2
1518114397780,7055,0,test_BlazeDemo,,,true,1,2
1518114404837,6398,0,test_BlazeDemo,,,true,1,2
1518114411239,6572,0,test_BlazeDemo,,,true,1,2
1518114417814,6736,0,test_BlazeDemo,,,true,1,2
1518114424555,6697,0,test_BlazeDemo,,,true,1,2
1518114431255,6780,0,test_BlazeDemo,,,true,1,2
1518114438038,6764,0,test_BlazeDemo,,,true,1,2
1518114444806,6538,0,test_BlazeDemo,,,true,1,2
1518114451350,6629,0,test_BlazeDemo,,,true,1,2
1518114457981,5915,0,test_BlazeDemo,,,true,0,2
