timeStamp,elapsed,Latency,label,responseCode,responseMessage,success,allThreads,bytes
1518117720511,16010,0,test_BlazeDemo,,Welcome Page not loaded.,false,1,2
1518117736525,12605,0,test_BlazeDemo,,Welcome Page not loaded.,false,1,2
1518117749133,8200,0,test_BlazeDemo,,,true,1,2
1518117757336,8028,0,test_BlazeDemo,,,true,1,2
1518117765367,7298,0,test_BlazeDemo,,,true,1,2
1518117772668,15357,0,test_BlazeDemo,,"Message: no such element: Unable to locate element: {""method"":""xpath"",""selector"":""//div[2]/table/tbody/tr[2]/td[1]/input[@class=""btn btn-small""]""}",false,1,2
1518117788034,11479,0,test_BlazeDemo,,"Message: no such element: Unable to locate element: {""method"":""xpath"",""selector"":""//div[2]/table/tbody/tr[2]/td[1]/input[@class=""btn btn-small""]""}",false,1,2
1518117799516,2891,0,test_BlazeDemo,,Welcome Page not loaded.,false,1,2
1518117802412,2694,0,test_BlazeDemo,,Welcome Page not loaded.,false,1,2
1518117805109,12101,0,test_BlazeDemo,,,true,1,2
1518117817215,6702,0,test_BlazeDemo,,,true,1,2
1518117823920,12706,0,test_BlazeDemo,,Welcome Page not loaded.,false,1,2
1518117836630,12155,0,test_BlazeDemo,,Welcome Page not loaded.,false,1,2
1518117848788,12032,0,test_BlazeDemo,,Welcome Page not loaded.,false,1,2
1518117860823,5952,0,test_BlazeDemo,,,true,1,2
1518117866778,5937,0,test_BlazeDemo,,,true,1,2
1518117872719,14387,0,test_BlazeDemo,,"Message: no such element: Unable to locate element: {""method"":""xpath"",""selector"":""//div[2]/table/tbody/tr[2]/td[1]/input[@class=""btn btn-small""]""}",false,1,2
1518117887109,12072,0,test_BlazeDemo,,Welcome Page not loaded.,false,1,2
1518117899184,6031,0,test_BlazeDemo,,,true,1,2
1518117905218,4733,0,test_BlazeDemo,,"Message: no such element: Unable to locate element: {""method"":""xpath"",""selector"":""//div[2]/table/tbody/tr[2]/td[1]/input[@class=""btn btn-small""]""}",false,1,2
1518117909955,12065,0,test_BlazeDemo,,Welcome Page not loaded.,false,1,2
1518117922022,12033,0,test_BlazeDemo,,Welcome Page not loaded.,false,1,2
1518117934058,15541,0,test_BlazeDemo,,,true,1,2
1518117949603,5946,0,test_BlazeDemo,,,true,1,2
1518117955552,5937,0,test_BlazeDemo,,,true,1,2
1518117961492,5863,0,test_BlazeDemo,,,true,1,2
1518117967359,5980,0,test_BlazeDemo,,,true,1,2
1518117973342,35178,0,test_BlazeDemo,,,true,1,2
1518118008524,5839,0,test_BlazeDemo,,,true,1,2
1518118014366,5937,0,test_BlazeDemo,,,true,1,2
1518118020307,14408,0,test_BlazeDemo,,"Message: no such element: Unable to locate element: {""method"":""xpath"",""selector"":""//div[2]/table/tbody/tr[2]/td[1]/input[@class=""btn btn-small""]""}",false,1,2
1518118034718,5891,0,test_BlazeDemo,,,true,1,2
1518118040612,15704,0,test_BlazeDemo,,,true,1,2
1518118056319,15685,0,test_BlazeDemo,,,true,1,2
1518118072007,5966,0,test_BlazeDemo,,,true,1,2
1518118077976,16001,0,test_BlazeDemo,,,true,1,2
1518118093980,5888,0,test_BlazeDemo,,,true,1,2
1518118099873,15574,0,test_BlazeDemo,,,true,1,2
1518118115451,12199,0,test_BlazeDemo,,Welcome Page not loaded.,false,1,2
1518118127653,12034,0,test_BlazeDemo,,Welcome Page not loaded.,false,1,2
