{
 "scenarios": {
  "blazeDemo_Selenium_with_unit_chrome.py": {
   "script": "blazeDemo_Selenium_with_unit_chrome.py"
  }
 }, 
 "reporting": [
  {
   "session-id": "r-v4-5a7c95dd5b0f1", 
   "test-id": 5551396, 
   "send-data": false, 
   "upload-artifacts": false, 
   "module": "blazemeter", 
   "signature": "cb04c8bf9eaee8b3bffefe0d5acdc1d6", 
   "user-id": 339612
  }
 ], 
 "modules": {
  "cloud-utils": {
   "destination-bucket": {
    "aws_key_secret": "********", 
    "url": "s3://blazemeter/users/339612/tests/5551396/reports/r-v4-5a7c95dd5b0f1/", 
    "region": "us-east-1", 
    "bucket": "blazemeter", 
    "aws_key_id": "ASIAJNS6MTKBA7HLZITA", 
    "aws_security_token": "********"
   }, 
   "env-vars": {
    "TAURUS_SESSIONS_INDEX": 3, 
    "TAURUS_SESSIONS_TOTAL": 3, 
    "TAURUS_LOCATIONS_TOTAL": 2, 
    "TAURUS_LOCATIONS_INDEX": 2, 
    "TAURUS_EXECUTIONS_TOTAL": 1, 
    "TAURUS_EXECUTIONS_INDEX": 1
   }, 
   "jetlag-download": "https://s3.amazonaws.com/blazemeter-jetlag/jobs/Jetlag/40/blazemeter_jetleg-1.0-SNAPSHOT-2017-11-27-13-47-jar-with-dependencies.jar", 
   "commands-channel": {
    "url": "https://a.blazemeter.com/api/v4/taurus/{session_id}/poll"
   }, 
   "jetlag-url": "https://data.blazemeter.com/submit.php?signature={signature}&session_id={session_id}&user_id={user_id}&test_id={test_id}", 
   "session": {
    "signature": "cb04c8bf9eaee8b3bffefe0d5acdc1d6", 
    "test_id": 5551396, 
    "user_id": 339612, 
    "session_id": "r-v4-5a7c95dd5b0f1", 
    "session_token": "********"
   }, 
   "jetlag-args": "-max_labels 100", 
   "status-notify-url": "https://a.blazemeter.com/api/v4/taurus/r-v4-5a7c95dd5b0f1/notify", 
   "start-limit-exceeded-shutdown": false, 
   "sleep-after": 0, 
   "start-allow-limit": "1ms", 
   "session-token": "********"
  }, 
  "periodic-uploader": {
   "upload_interval": 60, 
   "enabled": true
  }, 
  "grinder": {
   "properties": {
    "grinder.useConsole": false
   }
  }, 
  "blazemeter": {
   "data-address": "https://data.blazemeter.com", 
   "address": "https://a.blazemeter.com"
  }, 
  "gatling": {
   "properties": {
    "gatling.data.file.bufferSize": 256
   }
  }, 
  "jmeter": {
   "properties": {
    "jmeter.save.saveservice.autoflush": "true", 
    "jmeter.save.saveservice.connect_time": "true", 
    "summariser.name": "", 
    "jmeterengine.force.system.exit": "true"
   }
  }
 }, 
 "provisioning": "local", 
 "local-bzt-version": "1.10.3", 
 "services": [
  {
   "aws-params": {
    "data-path": "users/339612/tests/5551396/reports/r-v4-5a7c95dd5b0f1/data", 
    "region": "us-east-1", 
    "token": "********", 
    "bucket-name": "blazemeter", 
    "secret": "********", 
    "key-id": "ASIAJNS6MTKBA7HLZITA"
   }, 
   "module": "s3downloader"
  }, 
  {
   "run-at": "local", 
   "local": [
    {
     "metrics": [
      "cpu", 
      "mem", 
      "bytes-sent", 
      "bytes-recv", 
      "disk-read", 
      "disk-write", 
      "disk-space", 
      "engine-loop", 
      "conn-all"
     ]
    }
   ], 
   "module": "monitoring"
  }, 
  {
   "run-at": "local", 
   "module": "capturehar"
  }, 
  {
   "module": "final-notifier"
  }, 
  {
   "module": "dynjmx"
  }
 ], 
 "execution": [
  {
   "scenario": {
    "script": "blazeDemo_Selenium_with_unit_chrome.py"
   }, 
   "runner": "nose", 
   "concurrency": 0, 
   "executor": "selenium", 
   "locations-weighted": false, 
   "hold-for": "2m"
  }
 ]
}
