{
 "scenarios": {
  "blazeDemo_Selenium_with_unit_chrome.py": {
   "script": "blazeDemo_Selenium_with_unit_chrome.py"
  }, 
  "autogenerated_88c667c118": {
   "script": "blazeDemo_Selenium_with_unit_chrome.py"
  }
 }, 
 "settings": {
  "check-updates": false, 
  "check-interval": 1, 
  "verbose": false, 
  "aggregator": "consolidator", 
  "default-executor": "jmeter", 
  "proxy": {}, 
  "artifacts-dir": "/tmp/artifacts", 
  "tab-replacement-spaces": 4
 }, 
 "reporting": [
  {
   "dump-csv": null, 
   "module": "final-stats", 
   "summary": true, 
   "test-duration": true, 
   "percentiles": true, 
   "dump-xml": null, 
   "failed-labels": false
  }, 
  {
   "module": "console"
  }, 
  {
   "filesize-limit": 9223372036854775807, 
   "module": "ldjson-results", 
   "filename": "exported.jetlag.ldjson"
  }, 
  {
   "session-id": "r-v4-5a7ca3094c76b", 
   "test-id": 5551396, 
   "report-name": null, 
   "send-data": false, 
   "upload-artifacts": false, 
   "module": "blazemeter", 
   "signature": "fab8b607a2f3cd540704c43489594fcf", 
   "user-id": 339612, 
   "forced-last-check": 1.52e+09, 
   "kpi-target": "labels_bulk"
  }
 ], 
 "modules": {
  "ldjson-results": {
   "class": "bztcustom.ldjsonresults.LDJSONExporter"
  }, 
  "appium": {
   "class": "bzt.modules.services.AppiumLoader"
  }, 
  "ab": {
   "class": "bzt.modules.ab.ApacheBenchmarkExecutor"
  }, 
  "jmeter": {
   "path": "/root/.bzt/jmeter-taurus/3.3", 
   "properties": {
    "jmeter.save.saveservice.autoflush": "true", 
    "jmeter.save.saveservice.connect_time": "true", 
    "summariser.name": "", 
    "jmeterengine.force.system.exit": "true"
   }, 
   "version": "3.3", 
   "class": "bzt.modules.jmeter.JMeterExecutor", 
   "plugins": [
    "jpgc-casutg", 
    "jpgc-dummy", 
    "jpgc-ffw", 
    "jpgc-fifo", 
    "jpgc-functions", 
    "jpgc-json", 
    "jpgc-perfmon", 
    "jpgc-prmctl", 
    "jpgc-tst", 
    "jpgc-autostop", 
    "jpgc-casutg", 
    "jpgc-csl", 
    "jpgc-csvars", 
    "jpgc-dbmon", 
    "jpgc-directory-listing", 
    "jpgc-dummy", 
    "jpgc-ffw", 
    "jpgc-fifo", 
    "jpgc-functions", 
    "jpgc-httpraw", 
    "jpgc-jms", 
    "jpgc-jmxmon", 
    "jpgc-json", 
    "jpgc-lockfile", 
    "jpgc-oauth", 
    "jpgc-perfmon", 
    "jpgc-prmctl", 
    "jpgc-redis", 
    "jpgc-rotating-listener", 
    "jpgc-sense", 
    "jpgc-tst", 
    "jpgc-udp", 
    "jpgc-webdriver", 
    "jpgc-wsc", 
    "jpgc-xmpp", 
    "jpgc-xml", 
    "jpgc-ggl", 
    "ssh-sampler", 
    "websocket-sampler", 
    "mqtt-sampler", 
    "netflix-cassandra", 
    "kafkameter", 
    "custom-soap"
   ]
  }, 
  "nunit": {
   "class": "bzt.modules.csharp.NUnitExecutor"
  }, 
  "net-emulator": {
   "class": "bztcloud.helpers.net_emulator.NetworkEmulator"
  }, 
  "proxy2jmx": {
   "class": "bzt.modules.proxy2jmx.Proxy2JMX"
  }, 
  "dynjmx": {
   "class": "bztcloud.helpers.dynjmx.JMXOverrider"
  }, 
  "mocha": {
   "class": "bzt.modules.javascript.MochaTester"
  }, 
  "blazemeter": {
   "send-interval": 30, 
   "report-times-multiplier": 1000, 
   "data-address": "https://data.blazemeter.com", 
   "send-custom-tables": false, 
   "report-name": null, 
   "monitoring-buffer-limit": 500, 
   "send-monitoring": true, 
   "class": "bzt.modules.blazemeter.BlazeMeterUploader", 
   "token": "", 
   "timeout": 10, 
   "address": "https://a.blazemeter.com", 
   "send-custom-metrics": false, 
   "request-logging-limit": 256, 
   "browser-open": "start", 
   "public-report": false
  }, 
  "chrome-profiler": {
   "class": "bzt.modules.chrome.ChromeProfiler", 
   "processors": {
    "trace": {
     "extractors": [
      "bzt.modules.chrome.TabNameExtractor", 
      "bzt.modules.chrome.MemoryMetricsExtractor", 
      "bztcustom.chrome_prof_tools.DOMMetricsExtractor", 
      "bztcustom.chrome_prof_tools.JavaScriptMetricsExtractor", 
      "bztcustom.chrome_prof_tools.LoadTimeMetricsExtractor", 
      "bztcustom.chrome_prof_tools.NetworkMetricsExtractor"
     ], 
     "class": "bzt.modules.chrome.TraceProcessor"
    }, 
    "cpuprofile": {
     "class": "bztcustom.chrome_prof_tools.CPUProfileProcessor", 
     "file": "js.cpuprofile"
    }
   }
  }, 
  "robot": {
   "class": "bzt.modules.python.RobotExecutor"
  }, 
  "duration-informer": {
   "class": "bztcloud.helpers.DurationInformer"
  }, 
  "install-checker": {
   "class": "bzt.modules.services.InstallChecker"
  }, 
  "jtl-loader": "bztcustom.jmeterjtlloader.JMeterJTLLoaderExecutor", 
  "testng": {
   "class": "bzt.modules.java.TestNGTester"
  }, 
  "monitoring": {
   "class": "bzt.modules.monitoring.Monitoring"
  }, 
  "gatling": {
   "path": "/root/.bzt/gatling-taurus/2.3.0/bin/gatling.sh", 
   "version": "2.3.0", 
   "class": "bzt.modules.gatling.GatlingExecutor", 
   "properties": {
    "gatling.data.file.bufferSize": 256
   }
  }, 
  "grinder": {
   "class": "bzt.modules.grinder.GrinderExecutor", 
   "properties": {
    "grinder.useConsole": false
   }
  }, 
  "selenium": {
   "chromedriver": {
    "version": "2.33", 
    "download-link": "https://chromedriver.storage.googleapis.com/{version}/chromedriver_{arch}.zip"
   }, 
   "geckodriver": {
    "version": "0.19.0", 
    "download-link": "https://github.com/mozilla/geckodriver/releases/download/v{version}/geckodriver-v{version}-{arch}.{ext}"
   }, 
   "selenium-tools": {
    "nose": {}
   }, 
   "class": "bztcustom.selenium_enhanced.ConcurrentSeleniumExecutor", 
   "virtual-display": {}
  }, 
  "tsung": {
   "class": "bzt.modules.tsung.TsungExecutor"
  }, 
  "split-files": {
   "enabled": false, 
   "class": "bztcloud.FileSplitter"
  }, 
  "pytest": {
   "class": "bzt.modules.python.PyTestExecutor"
  }, 
  "cloud": {
   "class": "bzt.modules.blazemeter.CloudProvisioning", 
   "default-location": "us-central1-a"
  }, 
  "virtual-display": {
   "class": "bzt.modules.services.VirtualDisplay"
  }, 
  "local": {
   "sequential": false, 
   "class": "bzt.modules.provisioning.Local"
  }, 
  "chrome-metric-reporter": {
   "class": "bzt.modules.chrome.MetricReporter"
  }, 
  "capturehar": {
   "connect-timeout": 5000, 
   "mgmt-port": 9090, 
   "class": "bztcustom.capturehar.CaptureHAR", 
   "path": "~/.bzt/browsermob-proxy", 
   "response-timeout": 10000, 
   "browser-open": false
  }, 
  "shepherd": {
   "retries-limit": 2, 
   "class": "bztremote.client.Shepherd", 
   "default-location": "us-central1-a"
  }, 
  "periodic-uploader": {
   "file_names": [
    "/tmp/artifacts/bzt.log"
   ], 
   "upload_interval": 60, 
   "enabled": true, 
   "class": "bztcloud.PeriodicFileUploader", 
   "destination-bucket": {
    "aws_key_secret": "********", 
    "url": "s3://blazemeter/users/339612/tests/5551396/reports/r-v4-5a7ca3094c76b/", 
    "region": "us-east-1", 
    "bucket": "blazemeter", 
    "aws_key_id": "ASIAIJZWKZPOHWMMTOGQ", 
    "aws_security_token": "********"
   }
  }, 
  "siege": {
   "class": "bzt.modules.siege.SiegeExecutor"
  }, 
  "rspec": {
   "class": "bzt.modules.ruby.RSpecTester"
  }, 
  "newman": {
   "class": "bzt.modules.javascript.NewmanExecutor"
  }, 
  "final-stats": {
   "class": "bzt.modules.reporting.FinalStatus"
  }, 
  "func-execution-overrider": {
   "execution-override": {
    "iterations": 1, 
    "concurrency": 1
   }, 
   "class": "bztcloud.func_exec_overrider.FunctionalExecutionService"
  }, 
  "wdio": {
   "class": "bzt.modules.javascript.WebdriverIOExecutor"
  }, 
  "pbench": {
   "class": "bzt.modules.pbench.PBenchExecutor", 
   "enhanced": true
  }, 
  "console": {
   "disable": true, 
   "class": "bzt.modules.console.ConsoleStatusReporter"
  }, 
  "android-emulator": {
   "class": "bzt.modules.services.AndroidEmulatorLoader"
  }, 
  "final_stats": {
   "class": "bzt.modules.reporting.FinalStatus"
  }, 
  "functional-consolidator": {
   "class": "bzt.modules.functional.FunctionalAggregator"
  }, 
  "cloud-utils": {
   "shutdown-script": "/usr/local/bztcloud/cloud-shutdown.sh", 
   "destination-bucket": {
    "aws_key_secret": "********", 
    "url": "s3://blazemeter/users/339612/tests/5551396/reports/r-v4-5a7ca3094c76b/", 
    "region": "us-east-1", 
    "bucket": "blazemeter", 
    "aws_key_id": "ASIAIJZWKZPOHWMMTOGQ", 
    "aws_security_token": "********"
   }, 
   "start-allow-sleep-interval": "1s", 
   "status-notify-timeout": "60s", 
   "env-vars": {
    "TAURUS_SESSIONS_INDEX": 30, 
    "TAURUS_SESSIONS_TOTAL": 30, 
    "TAURUS_LOCATIONS_TOTAL": 2, 
    "TAURUS_LOCATIONS_INDEX": 2, 
    "TAURUS_EXECUTIONS_TOTAL": 1, 
    "TAURUS_EXECUTIONS_INDEX": 1
   }, 
   "start-allow-limit": "1ms", 
   "jetlag-download": "https://s3.amazonaws.com/blazemeter-jetlag/jobs/Jetlag/40/blazemeter_jetleg-1.0-SNAPSHOT-2017-11-27-13-47-jar-with-dependencies.jar", 
   "commands-channel": {
    "url": "https://a.blazemeter.com/api/v4/taurus/{session_id}/poll", 
    "timeout": "60s"
   }, 
   "jetlag-url": "https://data.blazemeter.com/submit.php?signature={signature}&session_id={session_id}&user_id={user_id}&test_id={test_id}", 
   "session": {
    "signature": "fab8b607a2f3cd540704c43489594fcf", 
    "test_id": 5551396, 
    "user_id": 339612, 
    "session_id": "r-v4-5a7ca3094c76b", 
    "session_token": "********"
   }, 
   "hosts": [
    "127.0.0.1 google.com", 
    "127.0.0.1 blazemeter.com"
   ], 
   "status-notify-url": "https://a.blazemeter.com/api/v4/taurus/r-v4-5a7ca3094c76b/notify", 
   "jetlag-args": "-max_labels 100", 
   "start-limit-exceeded-shutdown": false, 
   "sleep-after": 0, 
   "class": "bztcloud.CloudUtilsService", 
   "session-token": "********"
  }, 
  "unpacker": {
   "class": "bzt.modules.services.Unpacker"
  }, 
  "remote": {
   "retries-limit": 10, 
   "class": "bztremote.client.Remote"
  }, 
  "molotov": {
   "class": "bzt.modules.molotov.MolotovExecutor"
  }, 
  "apiritif": {
   "class": "bzt.modules.python.ApiritifNoseExecutor"
  }, 
  "shellexec": {
   "class": "bzt.modules.shellexec.ShellExecutor", 
   "env": {
    "TAURUS_INDEX_ALL": ""
   }, 
   "default-cwd": null
  }, 
  "locust": {
   "class": "bzt.modules.locustio.LocustIOExecutor"
  }, 
  "junit": {
   "class": "bzt.modules.java.JUnitTester"
  }, 
  "screenshoter": {
   "class": "bztcustom.screenshoter.ScreenShoter"
  }, 
  "final-notifier": {
   "class": "bztcloud.FinalNotifier", 
   "destination-bucket": {}
  }, 
  "passfail": {
   "class": "bzt.modules.passfail.PassFailStatus"
  }, 
  "nose": {
   "interpreter": "/usr/bin/python", 
   "class": "bzt.modules.python.ApiritifNoseExecutor"
  }, 
  "external-data-loader": "bztcustom.jmeterjtlloader.ExternalReportAnalyzer", 
  "s3downloader": {
   "class": "bztcloud.S3Downloader"
  }, 
  "consolidator": {
   "max-buffer-len": Infinity, 
   "buffer-multiplier": 2, 
   "ignore-labels": [
    "ignore"
   ], 
   "min-buffer-len": 2, 
   "percentiles": [
    0, 
    50, 
    90, 
    95, 
    99, 
    99.9, 
    100
   ], 
   "rtimes-len": 1000, 
   "buffer-scale-choice": 0.5, 
   "generalize-labels": false, 
   "class": "bzt.modules.aggregator.ConsolidatingAggregator"
  }, 
  "func-sender": {
   "class": "bztcloud.reporters.functional.FunctionalReporter"
  }, 
  "junit-xml": {
   "class": "bzt.modules.reporting.JUnitXMLReporter"
  }, 
  "version-switch": {
   "switch-java": null, 
   "class": "bztcloud.VersionSwitcherService"
  }
 }, 
 "provisioning": "local", 
 "local-bzt-version": "1.10.3", 
 "version": "1.10.0.1750", 
 "cli-aliases": {
  "gui": {
   "modules": {
    "jmeter": {
     "gui": true
    }
   }
  }, 
  "locations": {
   "modules": {
    "cloud": {
     "dump-locations": true
    }
   }, 
   "provisioning": "cloud"
  }, 
  "sequential": {
   "modules": {
    "local": {
     "sequential": true
    }
   }
  }, 
  "func": {
   "modules": {
    "console": {
     "disable": true
    }
   }, 
   "settings": {
    "aggregator": "functional-consolidator"
   }
  }, 
  "report": {
   "reporting": [
    "blazemeter"
   ]
  }, 
  "install-tools": {
   "services": [
    "install-checker"
   ]
  }, 
  "detach": {
   "modules": {
    "cloud": {
     "detach": true
    }
   }
  }, 
  "local": {
   "provisioning": "local"
  }, 
  "public": {
   "modules": {
    "blazemeter": {
     "public-report": true
    }
   }
  }, 
  "cloud": {
   "provisioning": "cloud"
  }
 }, 
 "install-id": "Docker", 
 "services": [
  {
   "run-at": "local", 
   "local": [
    {
     "metrics": [
      "cpu", 
      "mem", 
      "bytes-sent", 
      "bytes-recv", 
      "disk-read", 
      "disk-write", 
      "disk-space", 
      "engine-loop", 
      "conn-all"
     ]
    }, 
    {
     "metrics": [
      "cpu", 
      "mem", 
      "bytes-sent", 
      "bytes-recv", 
      "disk-read", 
      "disk-write", 
      "disk-space", 
      "engine-loop", 
      "conn-all"
     ]
    }
   ], 
   "module": "monitoring"
  }, 
  {
   "run-at": "local", 
   "width": 1024, 
   "module": "virtual-display", 
   "height": 768
  }, 
  {
   "run-at": "local", 
   "module": "cloud-utils"
  }, 
  {
   "run-at": "local", 
   "module": "periodic-uploader"
  }, 
  {
   "run-at": "local", 
   "module": "version-switch"
  }, 
  {
   "prepare": [
    {
     "background": true, 
     "err": -1, 
     "ignore-failure": true, 
     "command": "atop -a -w atop.binlog 15", 
     "env": {}, 
     "cwd": "/tmp/artifacts/admin", 
     "out": -1
    }, 
    {
     "background": false, 
     "err": "jetlag.log", 
     "ignore-failure": false, 
     "command": "/usr/local/bztcloud/jetlag-download.sh", 
     "env": {}, 
     "cwd": "artifacts-dir", 
     "out": "jetlag.log"
    }, 
    {
     "background": true, 
     "err": "jetlag.log", 
     "ignore-failure": false, 
     "command": "/usr/local/bztcloud/jetlag-run.sh", 
     "env": {}, 
     "cwd": "artifacts-dir", 
     "out": "jetlag.log"
    }
   ], 
   "run-at": "local", 
   "startup": [], 
   "module": "shellexec", 
   "post-process": [
    {
     "background": false, 
     "err": "process-cleanup.log", 
     "ignore-failure": false, 
     "command": "/usr/local/bztcloud/process-cleanup.sh", 
     "env": {}, 
     "cwd": "/tmp/artifacts/admin", 
     "out": "process-cleanup.log"
    }
   ], 
   "shutdown": [], 
   "check": []
  }, 
  {
   "aws-params": {
    "data-path": "users/339612/tests/5551396/reports/r-v4-5a7ca3094c76b/data", 
    "region": "us-east-1", 
    "token": "********", 
    "bucket-name": "blazemeter", 
    "secret": "********", 
    "key-id": "ASIAIJZWKZPOHWMMTOGQ"
   }, 
   "run-at": "local", 
   "destination": "/tmp/artifacts", 
   "module": "s3downloader"
  }, 
  {
   "run-at": "local", 
   "local": [
    {
     "metrics": [
      "cpu", 
      "mem", 
      "bytes-sent", 
      "bytes-recv", 
      "disk-read", 
      "disk-write", 
      "disk-space", 
      "engine-loop", 
      "conn-all"
     ]
    }
   ], 
   "module": "monitoring"
  }, 
  {
   "run-at": "local", 
   "module": "capturehar"
  }, 
  {
   "run-at": "local", 
   "module": "final-notifier"
  }, 
  {
   "run-at": "local", 
   "module": "dynjmx"
  }
 ], 
 "execution": [
  {
   "concurrency": {
    "local": 0
   }, 
   "scenario": {
    "script": "blazeDemo_Selenium_with_unit_chrome.py"
   }, 
   "runner": "nose", 
   "ramp-up": null, 
   "start-at": 0, 
   "delay": 0, 
   "throughput": {
    "local": null
   }, 
   "iterations": null, 
   "executor": "selenium", 
   "locations-weighted": false, 
   "steps": null, 
   "hold-for": "15m"
  }
 ]
}
